{"cameraMode":{"drawMode":0,"name":"Shaded","section":"Shading Mode"},"sceneLighting":false,"audioPlay":false,"sceneViewState":{"showFog":true,"showMaterialUpdate":false,"showSkybox":true,"showFlares":true,"showImageEffects":true,"showParticleSystems":true},"in2DMode":false,"pivot":{"x":-0.18000000715255738,"y":0.10893630981445313,"z":26.991134643554689},"rotation":{"x":-0.17601509392261506,"y":0.532800555229187,"z":-0.11441389471292496,"w":-0.8198227882385254},"size":109.51886749267578,"orthographic":false}