{"cameraMode":{"drawMode":0,"name":"Shaded","section":"Shading Mode"},"sceneLighting":false,"audioPlay":false,"sceneViewState":{"showFog":true,"showMaterialUpdate":false,"showSkybox":true,"showFlares":true,"showImageEffects":true,"showParticleSystems":true},"in2DMode":false,"pivot":{"x":35.88331604003906,"y":-4.848199844360352,"z":20.282115936279298},"rotation":{"x":0.023174263536930085,"y":-0.6346415877342224,"z":0.0190446637570858,"w":0.7722497582435608},"size":43.370872497558597,"orthographic":false}