{"cameraMode":{"drawMode":0,"name":"Shaded","section":"Shading Mode"},"sceneLighting":false,"audioPlay":false,"sceneViewState":{"showFog":true,"showMaterialUpdate":false,"showSkybox":false,"showFlares":true,"showImageEffects":true,"showParticleSystems":true},"in2DMode":false,"pivot":{"x":-1.2002429962158204,"y":-2.7295525074005129,"z":5.441429615020752},"rotation":{"x":0.08087688684463501,"y":-0.029297778382897378,"z":0.0023779412731528284,"w":0.9962954521179199},"size":11.836424827575684,"orthographic":false}